rank,model,exp,config,hierarchical_f1_mean,hierarchical_f1_std,accuracy_mean,accuracy_std,top_accuracy_mean,macro_accuracy_mean
1,m2d_clap_vit_base_meanstd,two_stage_exp1_hloss,pre_h_loss_proxy_simple_ft_focal_cosine_accuracy_filter1_intersection_filter2_no_conf1,81.38,0.42,82.7,0.11,86.86,77.43
2,clap_630k_chunk_meanmax,two_stage_exp2_proxy,pre_proxy_simple_ft_ce_cosine_hf1_filter1_union_filter2_no_conf1,81.32,0.35,82.23,0.48,90.36,77.46
3,clap_music_as_chunk_mean,two_stage_exp2_proxy,pre_proxy_simple_ft_focal_cosine_hf1_filter1_intersection_filter2_no_conf1,81.28,0.46,82.45,0.25,90.63,77.28
4,m2d_clap_vit_base_meanstd,two_stage_exp2_proxy,pre_proxy_simple_ft_focal_cosine_accuracy_filter1_grand_40_filter2_conf1,81.25,0.21,82.65,0.28,86.87,77.3
5,m2d_clap_vit_base_meanstd,two_stage_exp2_proxy,pre_proxy_simple_ft_focal_cosine_hf1_filter1_grand_40_filter2_conf1,81.25,0.36,82.7,0.24,86.65,77.41
6,clap_630k_chunk_meanmax,two_stage_exp2_proxy,pre_proxy_simple_ft_focal_cosine_accuracy_filter1_union_filter2_no_conf1,81.18,0.82,82.47,0.61,90.39,77.26
7,clap_music_as_chunk_mean,two_stage_exp2_proxy,pre_proxy_simple_ft_ce_cosine_hf1_filter1_union_filter2_no_conf1,81.17,0.45,82.33,0.28,90.48,77.22
8,m2d_clap_vit_base_meanstd,two_stage_exp2_proxy,pre_proxy_simple_ft_focal_cosine_hf1_filter1_el2n_40_filter2_conf1,81.14,1.03,82.41,0.7,86.84,77.54
9,m2d_clap_vit_base_meanstd,two_stage_exp2_proxy,pre_proxy_simple_ft_focal_cosine_accuracy_filter1_grand_40_filter2_no_conf1,81.1,0.77,82.37,0.46,86.52,77.07
10,clap_630k_chunk_meanmax,two_stage_exp1_hloss,pre_h_loss_proxy_simple_ft_ce_cosine_hf1_filter1_union_filter2_no_conf1,81.08,0.36,82.14,0.47,90.39,77.24
11,clap_630k_chunk_meanmax,two_stage_exp1_hloss,pre_h_loss_proxy_simple_ft_focal_cosine_accuracy_filter1_union_filter2_conf1,81.08,0.46,82.14,0.29,90.27,77.25
12,m2d_clap_vit_base_meanstd,two_stage_exp2_proxy,pre_proxy_simple_ft_focal_cosine_accuracy_filter1_el2n_40_filter2_conf1,81.08,1.23,82.45,0.96,86.89,77.2
13,m2d_clap_vit_base_meanstd,two_stage_exp1_hloss,pre_h_loss_proxy_simple_ft_focal_cosine_accuracy_filter1_el2n_40_filter2_conf1,81.07,0.61,82.32,0.32,86.57,77.24
14,clap_music_as_chunk_mean,two_stage_exp1_hloss,pre_h_loss_proxy_simple_ft_focal_cosine_hf1_filter1_el2n_40_filter2_conf1,81.06,0.48,82.15,0.27,90.59,77.21
15,clap_music_as_chunk_mean,two_stage_exp1_hloss,pre_h_loss_proxy_simple_ft_focal_cosine_accuracy_filter1_grand_40_filter2_conf1,81.04,0.58,82.28,0.47,90.45,77.31
16,m2d_clap_vit_base_meanstd,two_stage_exp2_proxy,pre_proxy_simple_ft_focal_cosine_accuracy_filter1_intersection_filter2_conf1,81.03,0.31,82.37,0.3,86.79,77.21
17,m2d_clap_vit_base_meanstd,two_stage_exp1_hloss,pre_h_loss_proxy_simple_ft_focal_cosine_hf1_filter1_grand_40_filter2_conf1,81.01,0.18,82.48,0.37,86.79,77.18
18,clap_630k_chunk_meanmax,two_stage_exp2_proxy,pre_proxy_simple_ft_focal_cosine_accuracy_filter1_grand_40_filter2_no_conf1,81.0,0.69,82.05,0.59,90.16,77.3
19,beats_iter3plus_as2m_seq_meanmaxstd_chunk_max,two_stage_exp1_hloss,pre_h_loss_proxy_simple_ft_focal_cosine_accuracy_filter1_union_filter2_no_conf1,80.99,0.54,82.27,0.22,90.39,77.01
20,clap_music_as_chunk_mean,two_stage_exp2_proxy,pre_proxy_simple_ft_focal_cosine_hf1_filter1_grand_40_filter2_conf1,80.98,0.93,82.49,0.71,90.71,76.86
21,m2d_clap_vit_base_meanstd,two_stage_exp1_hloss,pre_h_loss_proxy_simple_ft_focal_cosine_hf1_filter1_intersection_filter2_no_conf1,80.97,0.66,82.24,0.26,86.7,76.84
22,clap_music_as_chunk_mean,two_stage_exp1_hloss,pre_h_loss_proxy_simple_ft_focal_cosine_hf1_filter1_union_filter2_no_conf1,80.96,0.55,82.23,0.35,90.31,77.28
23,passt_kd_ap486_chunk_max,two_stage_exp1_hloss,pre_h_loss_proxy_simple_ft_focal_cosine_accuracy_filter1_grand_40_filter2_no_conf1,80.96,0.42,82.02,0.35,90.26,77.02
24,m2d_clap_vit_base_meanstd,two_stage_exp1_hloss,pre_h_loss_proxy_simple_ft_focal_cosine_accuracy_filter1_grand_40_filter2_no_conf1,80.94,0.32,82.45,0.4,86.57,77.06
25,clap_music_as_chunk_mean,two_stage_exp2_proxy,pre_proxy_simple_ft_focal_cosine_accuracy_filter1_grand_40_filter2_conf1,80.93,0.67,82.45,0.34,90.57,76.87
26,fpasst_weak_seq_meanmax_chunk_maxstd,two_stage_exp1_hloss,pre_h_loss_proxy_simple_ft_focal_cosine_hf1_filter1_intersection_filter2_no_conf1,80.93,0.42,81.93,0.26,90.34,77.05
27,clap_music_as_chunk_mean,two_stage_exp2_proxy,pre_proxy_simple_ft_focal_cosine_accuracy_filter1_intersection_filter2_conf1,80.92,0.85,82.25,0.49,90.52,76.79
28,clap_630k_chunk_meanmax,two_stage_exp2_proxy,pre_proxy_simple_ft_focal_cosine_hf1_filter1_intersection_filter2_no_conf1,80.91,0.24,82.01,0.4,90.23,76.99
29,beats_iter3plus_as2m_seq_meanmaxstd_chunk_max,two_stage_exp1_hloss,pre_h_loss_proxy_simple_ft_focal_cosine_accuracy_filter1_grand_40_filter2_conf1,80.9,0.24,81.99,0.36,90.28,76.77
30,clap_music_as_chunk_mean,two_stage_exp2_proxy,pre_proxy_simple_ft_focal_cosine_accuracy_filter1_grand_40_filter2_no_conf1,80.9,0.47,82.35,0.25,90.54,76.94
31,m2d_clap_vit_base_meanstd,two_stage_exp1_hloss,pre_h_loss_proxy_simple_ft_focal_cosine_hf1_filter1_union_filter2_no_conf1,80.88,0.78,82.36,0.31,86.36,77.03
32,baseline,two_stage_exp1_hloss,pre_h_loss_proxy_simple_ft_focal_cosine_accuracy_filter1_union_filter2_no_conf1,80.87,0.4,82.02,0.39,90.28,76.88
33,beats_iter3plus_as2m_seq_meanmaxstd_chunk_max,two_stage_exp1_hloss,pre_h_loss_proxy_simple_ft_ce_cosine_hf1_filter1_union_filter2_no_conf1,80.86,0.49,82.05,0.55,90.13,76.99
34,beats_iter3plus_as2m_seq_meanmaxstd_chunk_max,two_stage_exp2_proxy,pre_proxy_simple_ft_focal_cosine_accuracy_filter1_union_filter2_no_conf1,80.85,0.4,82.11,0.37,90.24,76.91
35,m2d_clap_vit_base_meanstd,two_stage_exp1_hloss,pre_h_loss_proxy_simple_ft_ce_cosine_hf1_filter1_grand_40_filter2_conf1,80.85,1.12,82.19,0.62,86.64,77.03
36,clap_music_as_chunk_mean,two_stage_exp2_proxy,pre_proxy_simple_ft_focal_cosine_hf1_filter1_el2n_40_filter2_conf1,80.84,0.83,82.26,0.6,90.51,76.89
37,clap_music_as_chunk_mean,two_stage_exp2_proxy,pre_proxy_simple_ft_focal_cosine_hf1_filter1_union_filter2_no_conf1,80.84,0.41,82.37,0.53,90.3,77.0
38,beats_iter3plus_as2m_seq_meanmaxstd_chunk_max,two_stage_exp1_hloss,pre_h_loss_proxy_simple_ft_focal_cosine_accuracy_filter1_el2n_40_filter2_conf1,80.83,0.61,81.98,0.56,90.42,76.62
39,passt_kd_ap486_chunk_max,two_stage_exp2_proxy,pre_proxy_simple_ft_focal_cosine_hf1_filter1_el2n_40_filter2_conf1,80.83,0.83,82.12,0.42,90.45,76.88
40,m2d_clap_vit_base_meanstd,two_stage_exp1_hloss,pre_h_loss_proxy_simple_ft_focal_cosine_accuracy_filter1_intersection_filter2_conf1,80.83,0.8,82.43,0.32,86.59,76.85
41,beats_iter3plus_as2m_seq_meanmaxstd_chunk_max,two_stage_exp2_proxy,pre_proxy_simple_ft_focal_cosine_hf1_filter1_union_filter2_conf1,80.81,0.58,81.93,0.24,90.33,76.9
42,clap_630k_chunk_meanmax,two_stage_exp1_hloss,pre_h_loss_proxy_simple_ft_ce_cosine_hf1_filter1_grand_40_filter2_conf1,80.81,0.48,81.96,0.43,90.06,76.93
43,clap_630k_chunk_meanmax,two_stage_exp1_hloss,pre_h_loss_proxy_simple_ft_focal_cosine_hf1_filter1_grand_40_filter2_conf1,80.81,0.4,81.9,0.34,90.22,76.78
44,baseline,two_stage_exp2_proxy,pre_proxy_simple_ft_focal_cosine_hf1_filter1_union_filter2_conf1,80.8,0.66,81.92,0.54,90.26,76.74
45,baseline,two_stage_exp2_proxy,pre_proxy_simple_ft_focal_cosine_hf1_filter1_el2n_40_filter2_conf1,80.79,0.52,81.97,0.55,90.26,77.01
46,clap_music_as_chunk_mean,two_stage_exp2_proxy,pre_proxy_simple_ft_ce_cosine_hf1_filter1_grand_40_filter2_conf1,80.79,0.59,82.29,0.61,90.45,76.77
47,clap_music_as_chunk_mean,two_stage_exp1_hloss,pre_h_loss_proxy_simple_ft_ce_cosine_hf1_filter1_union_filter2_no_conf1,80.78,0.4,82.09,0.43,90.47,76.87
48,passt_kd_ap486_chunk_max,two_stage_exp1_hloss,pre_h_loss_proxy_simple_ft_focal_cosine_hf1_filter1_el2n_40_filter2_conf1,80.78,0.35,81.95,0.49,90.24,77.05
49,m2d_clap_vit_base_meanstd,two_stage_exp1_hloss,pre_h_loss_proxy_simple_ft_focal_cosine_accuracy_filter1_union_filter2_conf1,80.78,0.72,82.55,0.44,86.35,76.72
50,m2d_clap_vit_base_meanstd,two_stage_exp2_proxy,pre_proxy_simple_ft_focal_cosine_hf1_filter1_union_filter2_no_conf1,80.78,0.22,82.18,0.26,86.38,76.8
51,clap_630k_chunk_meanmax,two_stage_exp1_hloss,pre_h_loss_proxy_simple_ft_focal_cosine_hf1_filter1_el2n_40_filter2_conf1,80.76,0.53,81.96,0.1,90.05,76.77
52,clap_630k_chunk_meanmax,two_stage_exp1_hloss,pre_h_loss_proxy_simple_ft_focal_cosine_hf1_filter1_intersection_filter2_no_conf1,80.76,1.17,81.88,0.59,89.94,76.97
53,clap_630k_chunk_meanmax,two_stage_exp1_hloss,pre_h_loss_proxy_simple_ft_focal_cosine_accuracy_filter1_grand_40_filter2_conf1,80.74,0.68,81.97,0.48,90.14,76.81
54,clap_music_as_chunk_mean,two_stage_exp1_hloss,pre_h_loss_proxy_simple_ft_focal_cosine_accuracy_filter1_grand_40_filter2_no_conf1,80.74,0.57,82.14,0.43,90.33,76.65
55,clap_music_as_chunk_mean,two_stage_exp1_hloss,pre_h_loss_proxy_simple_ft_focal_cosine_accuracy_filter1_union_filter2_no_conf1,80.74,0.98,82.3,0.77,90.38,76.9
56,m2d_clap_vit_base_meanstd,two_stage_exp1_hloss,pre_h_loss_proxy_simple_ft_focal_cosine_hf1_filter1_union_filter2_conf1,80.74,0.24,82.22,0.21,86.47,77.11
57,m2d_clap_vit_base_meanstd,two_stage_exp1_hloss,pre_h_loss_proxy_simple_ft_focal_cosine_hf1_filter1_el2n_40_filter2_conf1,80.74,0.81,82.37,0.5,86.49,77.21
58,passt_kd_ap486_chunk_max,two_stage_exp2_proxy,pre_proxy_simple_ft_focal_cosine_hf1_filter1_grand_40_filter2_conf1,80.73,0.45,82.01,0.27,90.05,77.13
59,passt_kd_ap486_chunk_max,two_stage_exp2_proxy,pre_proxy_simple_ft_focal_cosine_hf1_filter1_intersection_filter2_no_conf1,80.73,0.3,81.93,0.18,90.38,76.75
60,baseline,two_stage_exp2_proxy,pre_proxy_simple_ft_focal_cosine_accuracy_filter1_intersection_filter2_no_conf1,80.72,0.65,81.84,0.35,90.63,76.32
61,clap_630k_chunk_meanmax,two_stage_exp2_proxy,pre_proxy_simple_ft_focal_cosine_accuracy_filter1_el2n_40_filter2_conf1,80.71,0.82,82.12,0.58,90.16,76.71
62,clap_music_as_chunk_mean,two_stage_exp1_hloss,pre_h_loss_proxy_simple_ft_focal_cosine_hf1_filter1_grand_40_filter2_conf1,80.71,0.35,82.03,0.22,90.28,76.88
63,baseline,two_stage_exp2_proxy,pre_proxy_simple_ft_focal_cosine_hf1_filter1_union_filter2_no_conf1,80.69,0.22,81.82,0.34,90.16,76.79
64,beats_iter3plus_as2m_seq_meanmaxstd_chunk_max,two_stage_exp1_hloss,pre_h_loss_proxy_simple_ft_focal_cosine_hf1_filter1_el2n_40_filter2_conf1,80.69,0.39,81.89,0.31,90.27,76.39
65,clap_630k_chunk_meanmax,two_stage_exp1_hloss,pre_h_loss_proxy_simple_ft_h_loss_proxy_simple_cosine_hf1_filter_30_filter1_grand_40_filter2_no_conf1,80.69,0.46,82.22,0.37,90.16,76.35
66,clap_630k_chunk_meanmax,two_stage_exp1_hloss,pre_h_loss_proxy_simple_ft_focal_cosine_hf1_filter1_union_filter2_no_conf1,80.68,0.54,82.03,0.52,90.02,76.74
67,fpasst_weak_seq_meanmax_chunk_maxstd,two_stage_exp2_proxy,pre_proxy_simple_ft_focal_cosine_accuracy_filter1_el2n_40_filter2_conf1,80.68,0.45,81.88,0.26,89.99,76.77
68,clap_630k_chunk_meanmax,two_stage_exp2_proxy,pre_proxy_simple_ft_focal_cosine_hf1_filter1_union_filter2_conf1,80.67,0.79,82.22,0.51,90.06,76.89
69,passt_kd_ap486_chunk_max,two_stage_exp1_hloss,pre_h_loss_proxy_simple_ft_focal_cosine_hf1_filter1_union_filter2_no_conf1,80.66,0.93,81.78,0.58,90.13,76.88
70,beats_iter3plus_as2m_seq_meanmaxstd_chunk_max,two_stage_exp2_proxy,pre_proxy_simple_ft_focal_cosine_hf1_filter1_union_filter2_no_conf1,80.65,0.73,81.86,0.65,90.05,76.81
71,clap_music_as_chunk_mean,two_stage_exp1_hloss,pre_h_loss_proxy_simple_ft_focal_cosine_accuracy_filter1_el2n_40_filter2_conf1,80.64,0.91,82.21,0.51,90.28,76.54
72,atst_weak_seq_maxstd_chunk_meanstd,two_stage_exp2_proxy,pre_proxy_simple_ft_focal_cosine_accuracy_filter1_el2n_40_filter2_conf1,80.63,0.31,81.85,0.18,90.49,76.28
73,clap_630k_chunk_meanmax,two_stage_exp1_hloss,pre_h_loss_proxy_simple_ft_focal_cosine_accuracy_filter1_intersection_filter2_no_conf1,80.63,0.52,82.02,0.32,89.97,76.51
74,m2d_clap_vit_base_meanstd,two_stage_exp2_proxy,pre_proxy_simple_ft_focal_cosine_hf1_filter1_intersection_filter2_no_conf1,80.63,0.25,82.22,0.29,86.09,76.66
75,baseline,two_stage_exp2_proxy,pre_proxy_simple_ft_focal_cosine_hf1_filter1_intersection_filter2_no_conf1,80.62,0.34,81.76,0.28,90.34,76.63
76,beats_iter3plus_as2m_seq_meanmaxstd_chunk_max,two_stage_exp2_proxy,pre_proxy_simple_ft_ce_cosine_hf1_filter1_union_filter2_no_conf1,80.62,0.76,82.02,0.46,90.16,76.5
77,clap_music_as_chunk_mean,two_stage_exp1_hloss,pre_h_loss_proxy_simple_ft_focal_cosine_hf1_filter1_union_filter2_conf1,80.62,0.57,82.25,0.47,90.36,76.54
78,clap_music_as_chunk_mean,two_stage_exp2_proxy,pre_proxy_simple_ft_focal_cosine_accuracy_filter1_el2n_40_filter2_conf1,80.62,0.48,81.88,0.26,90.21,76.82
79,baseline,two_stage_exp1_hloss,pre_h_loss_proxy_simple_ft_focal_cosine_hf1_filter1_el2n_40_filter2_conf1,80.61,0.26,81.91,0.26,90.32,76.74
80,baseline,two_stage_exp1_hloss,pre_h_loss_proxy_simple_ft_focal_cosine_hf1_filter1_grand_40_filter2_conf1,80.61,0.49,81.77,0.38,90.32,76.75
81,beats_iter3plus_as2m_seq_meanmaxstd_chunk_max,two_stage_exp2_proxy,pre_proxy_simple_ft_focal_cosine_hf1_filter1_grand_40_filter2_conf1,80.6,0.47,81.79,0.45,90.03,76.66
82,m2d_clap_vit_base_meanstd,two_stage_exp1_hloss,pre_h_loss_proxy_simple_ft_ce_cosine_hf1_filter1_union_filter2_no_conf1,80.6,0.53,82.11,0.43,86.01,76.57
83,baseline,two_stage_exp1_hloss,pre_h_loss_proxy_simple_ft_focal_cosine_hf1_filter1_union_filter2_conf1,80.59,0.39,81.73,0.4,90.26,76.78
84,clap_music_as_chunk_mean,two_stage_exp2_proxy,pre_proxy_simple_ft_focal_cosine_accuracy_filter1_union_filter2_no_conf1,80.59,0.68,82.08,0.65,90.39,76.54
85,clap_630k_chunk_meanmax,two_stage_exp2_proxy,pre_proxy_simple_ft_focal_cosine_accuracy_filter1_intersection_filter2_no_conf1,80.57,0.23,81.92,0.25,90.03,76.6
86,beats_iter3plus_as2m_seq_meanmaxstd_chunk_max,two_stage_exp1_hloss,pre_h_loss_proxy_simple_ft_focal_cosine_hf1_filter1_grand_40_filter2_conf1,80.56,0.24,81.68,0.21,90.34,76.6
87,beats_iter3plus_as2m_seq_meanmaxstd_chunk_max,two_stage_exp1_hloss,pre_h_loss_proxy_simple_ft_focal_cosine_hf1_filter1_union_filter2_conf1,80.56,0.44,81.42,0.56,90.1,76.62
88,clap_630k_chunk_meanmax,two_stage_exp2_proxy,pre_proxy_simple_ft_focal_cosine_hf1_filter1_union_filter2_no_conf1,80.56,0.8,81.86,0.61,89.96,76.55
89,clap_music_as_chunk_mean,two_stage_exp2_proxy,pre_proxy_simple_ft_focal_cosine_hf1_filter1_union_filter2_conf1,80.56,0.76,82.14,0.58,90.34,76.77
90,fpasst_weak_seq_meanmax_chunk_maxstd,two_stage_exp1_hloss,pre_h_loss_proxy_simple_ft_focal_cosine_accuracy_filter1_grand_40_filter2_conf1,80.56,0.21,81.6,0.24,90.16,76.56
91,baseline,two_stage_exp1_hloss,pre_h_loss_proxy_simple_ft_focal_cosine_hf1_filter1_union_filter2_no_conf1,80.55,0.41,81.72,0.44,90.14,76.81
92,passt_kd_ap486_chunk_max,two_stage_exp1_hloss,pre_h_loss_proxy_simple_ft_focal_cosine_hf1_filter1_grand_40_filter2_conf1,80.55,0.23,81.86,0.18,90.22,76.57
93,atst_weak_seq_maxstd_chunk_meanstd,two_stage_exp2_proxy,pre_proxy_simple_ft_ce_cosine_hf1_filter1_union_filter2_no_conf1,80.54,0.64,81.94,0.25,90.25,76.35
94,atst_weak_seq_maxstd_chunk_meanstd,two_stage_exp2_proxy,pre_proxy_simple_ft_focal_cosine_hf1_filter1_union_filter2_no_conf1,80.54,0.33,81.76,0.43,90.1,76.3
95,passt_kd_ap486_chunk_max,two_stage_exp2_proxy,pre_proxy_simple_ft_focal_cosine_hf1_filter1_union_filter2_conf1,80.54,0.05,81.91,0.18,90.19,76.54
96,baseline,two_stage_exp1_hloss,pre_h_loss_proxy_simple_ft_ce_cosine_hf1_filter1_grand_40_filter2_conf1,80.53,0.69,81.7,0.44,90.41,76.81
97,clap_music_as_chunk_mean,two_stage_exp1_hloss,pre_h_loss_proxy_simple_ft_ce_cosine_hf1_filter1_grand_40_filter2_conf1,80.53,0.36,81.97,0.18,90.28,76.6
98,fpasst_weak_seq_meanmax_chunk_maxstd,two_stage_exp1_hloss,pre_h_loss_proxy_simple_ft_ce_cosine_hf1_filter1_union_filter2_no_conf1,80.53,0.5,81.71,0.42,90.11,76.55
99,baseline,two_stage_exp1_hloss,pre_h_loss_proxy_simple_ft_focal_cosine_accuracy_filter1_grand_40_filter2_conf1,80.52,0.58,81.67,0.58,90.21,76.66
100,clap_630k_chunk_meanmax,two_stage_exp1_hloss,pre_h_loss_proxy_simple_ft_focal_cosine_hf1_filter1_union_filter2_conf1,80.52,0.81,81.84,0.64,89.93,76.53
101,baseline,two_stage_exp2_proxy,pre_proxy_simple_ft_focal_cosine_accuracy_filter1_grand_40_filter2_conf1,80.51,0.51,81.57,0.43,90.2,76.75
102,fpasst_weak_seq_meanmax_chunk_maxstd,two_stage_exp2_proxy,pre_proxy_simple_ft_focal_cosine_accuracy_filter1_grand_40_filter2_conf1,80.51,0.42,81.82,0.34,89.94,76.89
103,atst_weak_seq_maxstd_chunk_meanstd,two_stage_exp1_hloss,pre_h_loss_proxy_simple_ft_ce_cosine_hf1_filter1_grand_40_filter2_conf1,80.5,0.4,81.85,0.36,90.03,76.6
104,clap_630k_chunk_meanmax,two_stage_exp1_hloss,pre_h_loss_proxy_simple_ft_focal_cosine_accuracy_filter1_intersection_filter2_conf1,80.5,1.04,81.77,0.35,89.82,76.61
105,m2d_clap_vit_base_meanstd,two_stage_exp1_hloss,pre_h_loss_proxy_simple_ft_focal_cosine_accuracy_filter1_union_filter2_no_conf1,80.5,0.67,82.02,0.49,86.52,76.51
106,atst_weak_seq_maxstd_chunk_meanstd,two_stage_exp1_hloss,pre_h_loss_proxy_simple_ft_focal_cosine_hf1_filter1_grand_40_filter2_conf1,80.49,0.38,81.51,0.51,90.21,76.2
107,m2d_clap_vit_base_meanstd,two_stage_exp1_hloss,pre_h_loss_proxy_simple_ft_focal_cosine_accuracy_filter1_grand_40_filter2_conf1,80.48,0.74,82.18,0.37,85.99,76.47
108,baseline,two_stage_exp2_proxy,pre_proxy_simple_ft_focal_cosine_accuracy_filter1_union_filter2_conf1,80.47,0.6,81.93,0.55,90.11,76.62
109,clap_music_as_chunk_mean,two_stage_exp1_hloss,pre_h_loss_proxy_simple_ft_focal_cosine_accuracy_filter1_union_filter2_conf1,80.47,0.53,82.09,0.29,90.18,76.55
110,baseline,two_stage_exp1_hloss,pre_h_loss_proxy_simple_ft_focal_cosine_hf1_filter1_intersection_filter2_no_conf1,80.46,0.45,81.49,0.23,90.14,76.38
111,baseline,two_stage_exp2_proxy,pre_proxy_simple_ft_focal_cosine_accuracy_filter1_el2n_40_filter2_conf1,80.46,1.33,81.77,0.79,90.26,76.68
112,passt_kd_ap486_chunk_max,two_stage_exp1_hloss,pre_h_loss_proxy_simple_ft_focal_cosine_hf1_filter1_union_filter2_conf1,80.45,0.44,81.76,0.34,90.15,76.48
113,beats_iter3plus_as2m_seq_meanmaxstd_chunk_max,two_stage_exp2_proxy,pre_proxy_simple_ft_h_loss_proxy_simple_cosine_hf1_filter_30_filter1_grand_40_filter2_no_conf1,80.43,0.49,81.57,0.26,90.28,75.88
114,clap_music_as_chunk_mean,two_stage_exp1_hloss,pre_h_loss_proxy_simple_ft_focal_cosine_hf1_filter1_intersection_filter2_no_conf1,80.43,1.09,81.87,0.83,90.2,76.39
115,passt_kd_ap486_chunk_max,two_stage_exp1_hloss,pre_h_loss_proxy_simple_ft_focal_cosine_hf1_filter1_intersection_filter2_no_conf1,80.43,0.52,81.68,0.65,90.26,76.37
116,m2d_clap_vit_base_meanstd,two_stage_exp2_proxy,pre_proxy_simple_ft_focal_cosine_accuracy_filter1_intersection_filter2_no_conf1,80.43,0.28,82.11,0.33,86.47,76.61
117,passt_kd_ap486_chunk_max,two_stage_exp1_hloss,pre_h_loss_proxy_simple_ft_focal_cosine_accuracy_filter1_intersection_filter2_no_conf1,80.42,0.76,81.71,0.71,90.3,76.34
118,clap_music_as_chunk_mean,two_stage_exp2_proxy,pre_proxy_simple_ft_focal_cosine_accuracy_filter1_union_filter2_conf1,80.41,0.46,82.24,0.48,90.24,76.56
119,beats_iter3plus_as2m_seq_meanmaxstd_chunk_max,two_stage_exp2_proxy,pre_proxy_simple_ft_focal_cosine_accuracy_filter1_intersection_filter2_conf1,80.4,0.77,81.85,0.56,90.12,76.27
120,baseline,two_stage_exp2_proxy,pre_proxy_simple_ft_focal_cosine_hf1_filter1_grand_40_filter2_conf1,80.39,0.61,81.56,0.66,90.09,76.55
121,beats_iter3plus_as2m_seq_meanmaxstd_chunk_max,two_stage_exp1_hloss,pre_h_loss_proxy_simple_ft_focal_cosine_hf1_filter1_intersection_filter2_no_conf1,80.39,0.4,81.41,0.13,89.91,76.27
122,fpasst_weak_seq_meanmax_chunk_maxstd,two_stage_exp1_hloss,pre_h_loss_proxy_simple_ft_focal_cosine_accuracy_filter1_intersection_filter2_conf1,80.39,0.39,81.51,0.32,90.11,76.58
123,fpasst_weak_seq_meanmax_chunk_maxstd,two_stage_exp1_hloss,pre_h_loss_proxy_simple_ft_focal_cosine_accuracy_filter1_union_filter2_conf1,80.38,0.57,81.51,0.51,90.03,76.43
124,beats_iter3plus_as2m_seq_meanmaxstd_chunk_max,two_stage_exp1_hloss,pre_h_loss_proxy_simple_ft_focal_cosine_accuracy_filter1_intersection_filter2_conf1,80.37,0.79,81.7,0.66,90.16,76.33
125,fpasst_weak_seq_meanmax_chunk_maxstd,two_stage_exp1_hloss,pre_h_loss_proxy_simple_ft_focal_cosine_accuracy_filter1_intersection_filter2_no_conf1,80.37,0.68,81.69,0.35,90.09,76.22
126,passt_kd_ap486_chunk_max,two_stage_exp1_hloss,pre_h_loss_proxy_simple_ft_ce_cosine_hf1_filter1_grand_40_filter2_conf1,80.37,0.37,81.69,0.24,90.22,76.5
127,fpasst_weak_seq_meanmax_chunk_maxstd,two_stage_exp1_hloss,pre_h_loss_proxy_simple_ft_focal_cosine_accuracy_filter1_grand_40_filter2_no_conf1,80.36,0.39,81.72,0.18,90.18,76.31
128,clap_630k_chunk_meanmax,two_stage_exp1_hloss,pre_h_loss_proxy_simple_ft_focal_cosine_accuracy_filter1_el2n_40_filter2_conf1,80.35,0.52,81.88,0.44,89.84,76.44
129,fpasst_weak_seq_meanmax_chunk_maxstd,two_stage_exp2_proxy,pre_proxy_simple_ft_focal_cosine_hf1_filter1_grand_40_filter2_conf1,80.35,0.38,81.32,0.29,90.08,76.31
130,m2d_clap_vit_base_meanstd,two_stage_exp1_hloss,pre_h_loss_proxy_simple_ft_h_loss_proxy_simple_cosine_hf1_filter_30_filter1_grand_40_filter2_no_conf1,80.35,0.42,82.17,0.25,86.08,76.33
131,atst_weak_seq_maxstd_chunk_meanstd,two_stage_exp2_proxy,pre_proxy_simple_ft_focal_cosine_accuracy_filter1_union_filter2_conf1,80.34,0.36,81.82,0.45,90.06,76.25
132,beats_iter3plus_as2m_seq_meanmaxstd_chunk_max,two_stage_exp2_proxy,pre_proxy_simple_ft_focal_cosine_accuracy_filter1_el2n_40_filter2_conf1,80.34,0.9,81.82,0.44,90.12,76.21
133,fpasst_weak_seq_meanmax_chunk_maxstd,two_stage_exp2_proxy,pre_proxy_simple_ft_focal_cosine_hf1_filter1_union_filter2_no_conf1,80.34,0.59,81.71,0.57,89.94,76.33
134,baseline,two_stage_exp1_hloss,pre_h_loss_proxy_simple_ft_ce_cosine_hf1_filter1_union_filter2_no_conf1,80.33,0.35,81.73,0.3,90.15,76.48
135,m2d_clap_vit_base_meanstd,two_stage_exp2_proxy,pre_proxy_simple_ft_ce_cosine_hf1_filter1_grand_40_filter2_conf1,80.33,0.91,81.84,0.59,86.29,76.51
136,baseline,two_stage_exp1_hloss,pre_h_loss_proxy_simple_ft_focal_cosine_accuracy_filter1_grand_40_filter2_no_conf1,80.32,0.65,81.66,0.37,90.16,76.53
137,atst_weak_seq_maxstd_chunk_meanstd,two_stage_exp1_hloss,pre_h_loss_proxy_simple_ft_focal_cosine_accuracy_filter1_grand_40_filter2_no_conf1,80.32,0.44,81.67,0.24,90.34,75.96
138,atst_weak_seq_maxstd_chunk_meanstd,two_stage_exp1_hloss,pre_h_loss_proxy_simple_ft_focal_cosine_hf1_filter1_el2n_40_filter2_conf1,80.32,0.49,81.67,0.29,89.98,76.26
139,beats_iter3plus_as2m_seq_meanmaxstd_chunk_max,two_stage_exp2_proxy,pre_proxy_simple_ft_focal_cosine_accuracy_filter1_grand_40_filter2_conf1,80.32,0.35,81.82,0.17,90.16,76.39
140,fpasst_weak_seq_meanmax_chunk_maxstd,two_stage_exp2_proxy,pre_proxy_simple_ft_focal_cosine_accuracy_filter1_intersection_filter2_conf1,80.32,0.98,81.63,0.84,90.03,76.42
141,passt_kd_ap486_chunk_max,two_stage_exp1_hloss,pre_h_loss_proxy_simple_ft_focal_cosine_accuracy_filter1_intersection_filter2_conf1,80.32,0.48,81.62,0.46,90.11,76.44
142,passt_kd_ap486_chunk_max,two_stage_exp2_proxy,pre_proxy_simple_ft_focal_cosine_accuracy_filter1_intersection_filter2_conf1,80.32,0.9,81.88,0.6,90.16,76.3
143,beats_iter3plus_as2m_seq_meanmaxstd_chunk_max,two_stage_exp1_hloss,pre_h_loss_proxy_simple_ft_h_loss_proxy_simple_cosine_hf1_filter_30_filter1_grand_40_filter2_no_conf1,80.31,0.5,81.31,0.22,90.06,76.02
144,fpasst_weak_seq_meanmax_chunk_maxstd,two_stage_exp1_hloss,pre_h_loss_proxy_simple_ft_focal_cosine_hf1_filter1_el2n_40_filter2_conf1,80.31,0.63,81.64,0.65,89.94,76.44
145,passt_kd_ap486_chunk_max,two_stage_exp2_proxy,pre_proxy_simple_ft_focal_cosine_accuracy_filter1_intersection_filter2_no_conf1,80.31,1.18,81.56,0.66,90.08,76.16
146,atst_weak_seq_maxstd_chunk_meanstd,two_stage_exp2_proxy,pre_proxy_simple_ft_focal_cosine_hf1_filter1_intersection_filter2_no_conf1,80.3,0.33,81.52,0.26,90.24,76.12
147,beats_iter3plus_as2m_seq_meanmaxstd_chunk_max,two_stage_exp2_proxy,pre_proxy_simple_ft_focal_cosine_accuracy_filter1_intersection_filter2_no_conf1,80.3,0.28,81.77,0.32,89.89,76.52
148,baseline,two_stage_exp2_proxy,pre_proxy_simple_ft_ce_cosine_hf1_filter1_grand_40_filter2_conf1,80.29,0.8,81.51,0.33,90.18,76.37
149,fpasst_weak_seq_meanmax_chunk_maxstd,two_stage_exp2_proxy,pre_proxy_simple_ft_ce_cosine_hf1_filter1_grand_40_filter2_conf1,80.29,0.39,81.47,0.41,89.74,76.42
150,clap_630k_chunk_meanmax,two_stage_exp1_hloss,pre_h_loss_proxy_simple_ft_focal_cosine_accuracy_filter1_grand_40_filter2_no_conf1,80.28,0.5,81.69,0.35,89.84,76.09
151,fpasst_weak_seq_meanmax_chunk_maxstd,two_stage_exp1_hloss,pre_h_loss_proxy_simple_ft_focal_cosine_hf1_filter1_union_filter2_no_conf1,80.28,0.78,81.51,0.64,90.16,75.76
152,passt_kd_ap486_chunk_max,two_stage_exp2_proxy,pre_proxy_simple_ft_focal_cosine_accuracy_filter1_grand_40_filter2_no_conf1,80.28,0.69,81.93,0.39,89.97,76.41
153,clap_music_as_chunk_mean,two_stage_exp1_hloss,pre_h_loss_proxy_simple_ft_focal_cosine_accuracy_filter1_intersection_filter2_no_conf1,80.27,0.8,81.92,0.46,90.1,76.06
154,atst_weak_seq_maxstd_chunk_meanstd,two_stage_exp1_hloss,pre_h_loss_proxy_simple_ft_focal_cosine_hf1_filter1_intersection_filter2_no_conf1,80.26,0.43,81.73,0.25,90.18,76.0
155,clap_630k_chunk_meanmax,two_stage_exp2_proxy,pre_proxy_simple_ft_ce_cosine_hf1_filter1_grand_40_filter2_conf1,80.26,0.33,81.76,0.25,89.84,76.21
156,m2d_clap_vit_base_meanstd,two_stage_exp2_proxy,pre_proxy_simple_ft_focal_cosine_hf1_filter1_union_filter2_conf1,80.26,0.78,82.13,0.55,85.9,76.6
157,atst_weak_seq_maxstd_chunk_meanstd,two_stage_exp2_proxy,pre_proxy_simple_ft_focal_cosine_accuracy_filter1_union_filter2_no_conf1,80.25,0.73,81.61,0.55,89.84,76.28
158,beats_iter3plus_as2m_ft1_seq_meanstd_chunk_mean,two_stage_exp2_proxy,pre_proxy_simple_ft_focal_cosine_hf1_filter1_grand_40_filter2_conf1,80.25,0.8,81.41,0.9,89.76,76.58
159,passt_kd_ap486_chunk_max,two_stage_exp1_hloss,pre_h_loss_proxy_simple_ft_focal_cosine_accuracy_filter1_union_filter2_no_conf1,80.25,0.84,81.61,0.42,90.17,76.18
160,atst_weak_seq_maxstd_chunk_meanstd,two_stage_exp1_hloss,pre_h_loss_proxy_simple_ft_focal_cosine_accuracy_filter1_el2n_40_filter2_conf1,80.24,0.38,81.54,0.29,90.05,76.04
161,beats_iter3plus_as2m_seq_meanmaxstd_chunk_max,two_stage_exp1_hloss,pre_h_loss_proxy_simple_ft_focal_cosine_accuracy_filter1_intersection_filter2_no_conf1,80.24,0.99,81.79,0.52,90.25,76.25
162,beats_iter3plus_as2m_ft1_seq_meanstd_chunk_mean,two_stage_exp1_hloss,pre_h_loss_proxy_simple_ft_focal_cosine_hf1_filter1_el2n_40_filter2_conf1,80.23,0.46,81.55,0.4,89.83,76.36
163,beats_iter3plus_as2m_seq_meanmaxstd_chunk_max,two_stage_exp1_hloss,pre_h_loss_proxy_simple_ft_focal_cosine_accuracy_filter1_grand_40_filter2_no_conf1,80.23,1.03,81.69,0.41,90.22,76.12
164,beats_iter3plus_as2m_seq_meanmaxstd_chunk_max,two_stage_exp1_hloss,pre_h_loss_proxy_simple_ft_focal_cosine_hf1_filter1_union_filter2_no_conf1,80.23,0.62,81.42,0.57,90.21,75.97
165,m2d_clap_vit_base_meanstd,two_stage_exp2_proxy,pre_proxy_simple_ft_focal_cosine_accuracy_filter1_union_filter2_conf1,80.22,0.48,82.13,0.44,85.87,76.51
166,baseline,two_stage_exp2_proxy,pre_proxy_simple_ft_ce_cosine_hf1_filter1_union_filter2_no_conf1,80.21,0.48,81.37,0.37,89.97,76.07
167,baseline,two_stage_exp2_proxy,pre_proxy_simple_ft_focal_cosine_accuracy_filter1_intersection_filter2_conf1,80.21,0.87,81.51,0.41,90.4,75.95
168,fpasst_weak_seq_meanmax_chunk_maxstd,two_stage_exp1_hloss,pre_h_loss_proxy_simple_ft_h_loss_proxy_simple_cosine_hf1_filter_30_filter1_grand_40_filter2_no_conf1,80.21,0.51,81.61,0.23,90.17,75.91
169,fpasst_weak_seq_meanmax_chunk_maxstd,two_stage_exp2_proxy,pre_proxy_simple_ft_focal_cosine_hf1_filter1_intersection_filter2_no_conf1,80.21,0.42,81.45,0.49,89.98,76.08
170,passt_kd_ap486_chunk_max,two_stage_exp2_proxy,pre_proxy_simple_ft_ce_cosine_hf1_filter1_grand_40_filter2_conf1,80.21,0.61,81.62,0.48,90.11,76.03
171,m2d_clap_vit_base_meanstd,two_stage_exp2_proxy,pre_proxy_simple_ft_h_loss_proxy_simple_cosine_hf1_filter_30_filter1_grand_40_filter2_no_conf1,80.2,0.64,81.91,0.47,85.81,75.54
172,beats_iter3plus_as2m_seq_meanmaxstd_chunk_max,two_stage_exp2_proxy,pre_proxy_simple_ft_focal_cosine_hf1_filter1_el2n_40_filter2_conf1,80.17,0.54,81.5,0.38,89.84,76.05
173,beats_iter3plus_as2m_seq_meanmaxstd_chunk_max,two_stage_exp2_proxy,pre_proxy_simple_ft_ce_cosine_hf1_filter1_grand_40_filter2_conf1,80.16,0.37,81.52,0.46,89.89,76.23
174,passt_kd_ap486_chunk_max,two_stage_exp2_proxy,pre_proxy_simple_ft_focal_cosine_hf1_filter1_union_filter2_no_conf1,80.15,0.3,81.6,0.33,90.02,76.0
175,baseline,two_stage_exp1_hloss,pre_h_loss_proxy_simple_ft_focal_cosine_accuracy_filter1_union_filter2_conf1,80.12,0.93,81.58,0.52,89.92,76.29
176,beats_iter3plus_as2m_seq_meanmaxstd_chunk_max,two_stage_exp1_hloss,pre_h_loss_proxy_simple_ft_ce_cosine_hf1_filter1_grand_40_filter2_conf1,80.12,0.54,81.31,0.51,90.07,76.08
177,beats_iter3plus_as2m_seq_meanmaxstd_chunk_max,two_stage_exp2_proxy,pre_proxy_simple_ft_focal_cosine_hf1_filter1_intersection_filter2_no_conf1,80.12,0.6,81.5,0.52,89.73,76.12
178,clap_630k_chunk_meanmax,two_stage_exp2_proxy,pre_proxy_simple_ft_h_loss_proxy_simple_cosine_hf1_filter_30_filter1_grand_40_filter2_no_conf1,80.12,0.32,81.51,0.09,89.74,75.83
179,passt_kd_ap486_chunk_max,two_stage_exp1_hloss,pre_h_loss_proxy_simple_ft_ce_cosine_hf1_filter1_union_filter2_no_conf1,80.12,0.9,81.5,0.93,90.13,76.04
180,clap_630k_chunk_meanmax,two_stage_exp2_proxy,pre_proxy_simple_ft_focal_cosine_accuracy_filter1_union_filter2_conf1,80.11,0.89,81.48,0.61,89.74,76.25
181,fpasst_weak_seq_meanmax_chunk_maxstd,two_stage_exp2_proxy,pre_proxy_simple_ft_focal_cosine_hf1_filter1_union_filter2_conf1,80.1,0.45,81.54,0.27,89.78,76.14
182,baseline,two_stage_exp2_proxy,pre_proxy_simple_ft_focal_cosine_accuracy_filter1_union_filter2_no_conf1,80.09,0.64,81.57,0.47,89.89,76.09
183,beats_iter3plus_as2m_ft1_seq_meanstd_chunk_mean,two_stage_exp2_proxy,pre_proxy_simple_ft_focal_cosine_hf1_filter1_el2n_40_filter2_conf1,80.08,0.3,81.35,0.38,89.78,76.16
184,fpasst_weak_seq_meanmax_chunk_maxstd,two_stage_exp1_hloss,pre_h_loss_proxy_simple_ft_focal_cosine_hf1_filter1_union_filter2_conf1,80.08,0.33,81.37,0.3,90.19,75.99
185,atst_weak_seq_maxstd_chunk_meanstd,two_stage_exp2_proxy,pre_proxy_simple_ft_focal_cosine_accuracy_filter1_intersection_filter2_conf1,80.06,0.79,81.44,0.46,89.96,75.84
186,atst_weak_seq_maxstd_chunk_meanstd,two_stage_exp1_hloss,pre_h_loss_proxy_simple_ft_focal_cosine_accuracy_filter1_union_filter2_no_conf1,80.05,0.34,81.63,0.22,90.13,75.69
187,fpasst_weak_seq_meanmax_chunk_maxstd,two_stage_exp1_hloss,pre_h_loss_proxy_simple_ft_focal_cosine_hf1_filter1_grand_40_filter2_conf1,80.05,0.67,81.27,0.51,89.81,76.19
188,passt_kd_ap486_chunk_max,two_stage_exp2_proxy,pre_proxy_simple_ft_ce_cosine_hf1_filter1_union_filter2_no_conf1,80.04,0.35,81.51,0.39,89.91,76.06
189,fpasst_weak_seq_meanmax_chunk_maxstd,two_stage_exp1_hloss,pre_h_loss_proxy_simple_ft_ce_cosine_hf1_filter1_grand_40_filter2_conf1,80.03,0.51,81.68,0.52,89.83,76.12
190,fpasst_weak_seq_meanmax_chunk_maxstd,two_stage_exp2_proxy,pre_proxy_simple_ft_ce_cosine_hf1_filter1_union_filter2_no_conf1,80.03,0.72,81.3,0.48,90.0,76.05
191,atst_weak_seq_maxstd_chunk_meanstd,two_stage_exp1_hloss,pre_h_loss_proxy_simple_ft_focal_cosine_hf1_filter1_union_filter2_conf1,80.02,0.6,81.31,0.56,89.94,75.93
192,fpasst_weak_seq_meanmax_chunk_maxstd,two_stage_exp2_proxy,pre_proxy_simple_ft_focal_cosine_accuracy_filter1_union_filter2_conf1,80.02,1.24,81.55,0.51,90.06,75.8
193,beats_iter3plus_as2m_ft1_seq_meanstd_chunk_mean,two_stage_exp2_proxy,pre_proxy_simple_ft_focal_cosine_accuracy_filter1_grand_40_filter2_conf1,80.01,0.68,81.44,0.44,89.64,76.08
194,clap_music_as_chunk_mean,two_stage_exp2_proxy,pre_proxy_simple_ft_focal_cosine_accuracy_filter1_intersection_filter2_no_conf1,80.01,0.83,81.74,0.52,90.12,75.83
195,baseline,two_stage_exp1_hloss,pre_h_loss_proxy_simple_ft_h_loss_proxy_simple_cosine_hf1_filter_30_filter1_grand_40_filter2_no_conf1,80.0,0.16,81.48,0.23,90.24,75.57
196,beats_iter3plus_as2m_ft1_seq_meanstd_chunk_mean,two_stage_exp2_proxy,pre_proxy_simple_ft_focal_cosine_hf1_filter1_intersection_filter2_no_conf1,80.0,0.73,80.96,0.74,89.81,76.06
197,baseline,two_stage_exp2_proxy,pre_proxy_simple_ft_focal_cosine_accuracy_filter1_grand_40_filter2_no_conf1,79.99,0.55,81.61,0.56,90.17,75.74
198,beats_iter3plus_as2m_ft1_seq_meanstd_chunk_mean,two_stage_exp1_hloss,pre_h_loss_proxy_simple_ft_focal_cosine_hf1_filter1_union_filter2_conf1,79.98,0.41,81.2,0.49,89.72,76.01
199,baseline,two_stage_exp1_hloss,pre_h_loss_proxy_simple_ft_focal_cosine_accuracy_filter1_el2n_40_filter2_conf1,79.97,0.58,81.4,0.33,89.89,76.11
200,atst_weak_seq_maxstd_chunk_meanstd,two_stage_exp1_hloss,pre_h_loss_proxy_simple_ft_focal_cosine_accuracy_filter1_intersection_filter2_no_conf1,79.96,0.72,81.53,0.49,89.89,75.45
201,fpasst_weak_seq_meanmax_chunk_maxstd,two_stage_exp2_proxy,pre_proxy_simple_ft_focal_cosine_accuracy_filter1_union_filter2_no_conf1,79.96,0.61,81.5,0.47,89.78,75.77
202,atst_weak_seq_maxstd_chunk_meanstd,two_stage_exp1_hloss,pre_h_loss_proxy_simple_ft_focal_cosine_hf1_filter1_union_filter2_no_conf1,79.94,0.3,81.39,0.21,89.9,75.8
203,beats_iter3plus_as2m_seq_meanmaxstd_chunk_max,two_stage_exp1_hloss,pre_h_loss_proxy_simple_ft_focal_cosine_accuracy_filter1_union_filter2_conf1,79.94,0.92,81.47,0.42,90.08,75.73
204,beats_iter3plus_as2m_ft1_seq_meanstd_chunk_mean,two_stage_exp1_hloss,pre_h_loss_proxy_simple_ft_focal_cosine_hf1_filter1_grand_40_filter2_conf1,79.92,0.27,80.89,0.33,89.67,76.19
205,beats_iter3plus_as2m_ft1_seq_meanstd_chunk_mean,two_stage_exp2_proxy,pre_proxy_simple_ft_ce_cosine_hf1_filter1_grand_40_filter2_conf1,79.92,0.51,80.94,0.52,89.89,75.64
206,beats_iter3plus_as2m_ft1_seq_meanstd_chunk_mean,two_stage_exp2_proxy,pre_proxy_simple_ft_focal_cosine_accuracy_filter1_grand_40_filter2_no_conf1,79.92,0.59,81.13,0.4,89.91,75.61
207,clap_music_as_chunk_mean,two_stage_exp2_proxy,pre_proxy_simple_ft_h_loss_proxy_simple_cosine_hf1_filter_30_filter1_grand_40_filter2_no_conf1,79.92,0.42,81.63,0.25,90.35,75.18
208,beats_iter3plus_as2m_seq_meanmaxstd_chunk_max,two_stage_exp2_proxy,pre_proxy_simple_ft_focal_cosine_accuracy_filter1_grand_40_filter2_no_conf1,79.91,0.34,81.37,0.22,89.93,75.89
209,fpasst_weak_seq_meanmax_chunk_maxstd,two_stage_exp2_proxy,pre_proxy_simple_ft_focal_cosine_accuracy_filter1_grand_40_filter2_no_conf1,79.91,0.65,81.3,0.46,89.69,75.81
210,passt_kd_ap486_chunk_max,two_stage_exp2_proxy,pre_proxy_simple_ft_focal_cosine_accuracy_filter1_grand_40_filter2_conf1,79.91,1.01,81.81,0.42,89.95,75.88
211,fpasst_weak_seq_meanmax_chunk_maxstd,two_stage_exp2_proxy,pre_proxy_simple_ft_focal_cosine_accuracy_filter1_intersection_filter2_no_conf1,79.9,0.61,81.41,0.2,89.79,75.79
212,baseline,two_stage_exp1_hloss,pre_h_loss_proxy_simple_ft_focal_cosine_accuracy_filter1_intersection_filter2_no_conf1,79.89,0.74,81.51,0.61,90.12,75.83
213,atst_weak_seq_maxstd_chunk_meanstd,two_stage_exp2_proxy,pre_proxy_simple_ft_focal_cosine_hf1_filter1_grand_40_filter2_conf1,79.89,0.3,81.48,0.19,89.96,75.82
214,beats_iter3plus_as2m_ft1_seq_meanstd_chunk_mean,two_stage_exp1_hloss,pre_h_loss_proxy_simple_ft_ce_cosine_hf1_filter1_union_filter2_no_conf1,79.89,0.79,80.99,0.79,89.53,76.27
215,beats_iter3plus_as2m_ft1_seq_meanstd_chunk_mean,two_stage_exp1_hloss,pre_h_loss_proxy_simple_ft_focal_cosine_accuracy_filter1_union_filter2_no_conf1,79.89,0.38,81.17,0.2,89.73,76.0
216,beats_iter3plus_as2m_ft1_seq_meanstd_chunk_mean,two_stage_exp2_proxy,pre_proxy_simple_ft_focal_cosine_accuracy_filter1_el2n_40_filter2_conf1,79.88,0.28,81.13,0.23,89.75,76.02
217,beats_iter3plus_as2m_ft1_seq_meanstd_chunk_mean,two_stage_exp2_proxy,pre_proxy_simple_ft_focal_cosine_accuracy_filter1_intersection_filter2_conf1,79.88,0.72,81.07,0.68,89.64,76.05
218,beats_iter3plus_as2m_ft1_seq_meanstd_chunk_mean,two_stage_exp2_proxy,pre_proxy_simple_ft_focal_cosine_accuracy_filter1_union_filter2_no_conf1,79.88,0.47,81.31,0.54,89.78,75.83
219,clap_630k_chunk_meanmax,two_stage_exp2_proxy,pre_proxy_simple_ft_focal_cosine_hf1_filter1_el2n_40_filter2_conf1,79.88,0.52,81.74,0.39,89.59,75.98
220,fpasst_weak_seq_meanmax_chunk_maxstd,two_stage_exp1_hloss,pre_h_loss_proxy_simple_ft_focal_cosine_accuracy_filter1_el2n_40_filter2_conf1,79.87,0.51,81.04,0.45,89.75,75.61
221,clap_630k_chunk_meanmax,two_stage_exp2_proxy,pre_proxy_simple_ft_focal_cosine_accuracy_filter1_grand_40_filter2_conf1,79.86,0.72,81.42,0.32,89.73,75.79
222,clap_630k_chunk_meanmax,two_stage_exp2_proxy,pre_proxy_simple_ft_focal_cosine_hf1_filter1_grand_40_filter2_conf1,79.86,0.61,81.56,0.38,89.76,76.0
223,fpasst_weak_seq_meanmax_chunk_maxstd,two_stage_exp2_proxy,pre_proxy_simple_ft_focal_cosine_hf1_filter1_el2n_40_filter2_conf1,79.86,0.74,81.33,0.54,89.76,75.89
224,clap_music_as_chunk_mean,two_stage_exp1_hloss,pre_h_loss_proxy_simple_ft_h_loss_proxy_simple_cosine_hf1_filter_30_filter1_grand_40_filter2_no_conf1,79.84,0.62,81.6,0.51,89.87,75.51
225,atst_weak_seq_maxstd_chunk_meanstd,two_stage_exp1_hloss,pre_h_loss_proxy_simple_ft_focal_cosine_accuracy_filter1_intersection_filter2_conf1,79.83,0.82,81.38,0.66,89.91,75.59
226,beats_iter3plus_as2m_ft1_seq_meanstd_chunk_mean,two_stage_exp2_proxy,pre_proxy_simple_ft_focal_cosine_hf1_filter1_union_filter2_conf1,79.83,0.41,81.27,0.46,89.51,76.19
227,atst_weak_seq_maxstd_chunk_meanstd,two_stage_exp2_proxy,pre_proxy_simple_ft_focal_cosine_accuracy_filter1_grand_40_filter2_conf1,79.82,0.67,81.38,0.46,89.83,75.8
228,m2d_clap_vit_base_meanstd,two_stage_exp2_proxy,pre_proxy_simple_ft_ce_cosine_hf1_filter1_union_filter2_no_conf1,79.82,0.93,81.72,0.57,85.51,75.86
229,beats_iter3plus_as2m_ft1_seq_meanstd_chunk_mean,two_stage_exp2_proxy,pre_proxy_simple_ft_focal_cosine_hf1_filter1_union_filter2_no_conf1,79.8,0.44,81.01,0.39,89.57,75.96
230,passt_kd_ap486_chunk_max,two_stage_exp1_hloss,pre_h_loss_proxy_simple_ft_focal_cosine_accuracy_filter1_grand_40_filter2_conf1,79.8,0.33,81.49,0.47,89.87,75.85
231,atst_weak_seq_maxstd_chunk_meanstd,two_stage_exp2_proxy,pre_proxy_simple_ft_focal_cosine_hf1_filter1_union_filter2_conf1,79.79,0.59,81.28,0.56,89.92,75.32
232,beats_iter3plus_as2m_ft1_seq_meanstd_chunk_mean,two_stage_exp1_hloss,pre_h_loss_proxy_simple_ft_focal_cosine_accuracy_filter1_union_filter2_conf1,79.78,0.46,81.11,0.38,89.63,76.0
233,clap_630k_chunk_meanmax,two_stage_exp1_hloss,pre_h_loss_proxy_simple_ft_focal_cosine_accuracy_filter1_union_filter2_no_conf1,79.78,1.38,81.53,0.51,89.86,75.49
234,passt_kd_ap486_chunk_max,two_stage_exp2_proxy,pre_proxy_simple_ft_focal_cosine_accuracy_filter1_el2n_40_filter2_conf1,79.78,0.64,81.46,0.63,90.23,75.67
235,fpasst_weak_seq_meanmax_chunk_maxstd,two_stage_exp2_proxy,pre_proxy_simple_ft_h_loss_proxy_simple_cosine_hf1_filter_30_filter1_grand_40_filter2_no_conf1,79.77,0.54,81.35,0.53,89.83,75.77
236,passt_kd_ap486_chunk_max,two_stage_exp1_hloss,pre_h_loss_proxy_simple_ft_focal_cosine_accuracy_filter1_el2n_40_filter2_conf1,79.77,0.62,81.47,0.65,89.86,75.82
237,baseline,two_stage_exp1_hloss,pre_h_loss_proxy_simple_ft_focal_cosine_accuracy_filter1_intersection_filter2_conf1,79.76,0.99,81.39,0.49,90.13,75.5
238,fpasst_weak_seq_meanmax_chunk_maxstd,two_stage_exp1_hloss,pre_h_loss_proxy_simple_ft_focal_cosine_accuracy_filter1_union_filter2_no_conf1,79.76,0.62,81.3,0.48,89.85,75.54
239,m2d_clap_vit_base_meanstd,two_stage_exp2_proxy,pre_proxy_simple_ft_focal_cosine_accuracy_filter1_union_filter2_no_conf1,79.76,1.44,81.72,0.6,85.54,75.64
240,beats_iter3plus_as2m_ft1_seq_meanstd_chunk_mean,two_stage_exp2_proxy,pre_proxy_simple_ft_h_loss_proxy_simple_cosine_hf1_filter_30_filter1_grand_40_filter2_no_conf1,79.74,0.61,81.24,0.49,89.57,75.44
241,atst_weak_seq_maxstd_chunk_meanstd,two_stage_exp1_hloss,pre_h_loss_proxy_simple_ft_ce_cosine_hf1_filter1_union_filter2_no_conf1,79.73,0.69,81.41,0.33,89.84,75.69
242,atst_weak_seq_maxstd_chunk_meanstd,two_stage_exp1_hloss,pre_h_loss_proxy_simple_ft_h_loss_proxy_simple_cosine_hf1_filter_30_filter1_grand_40_filter2_no_conf1,79.72,0.78,81.3,0.65,89.75,75.19
243,beats_iter3plus_as2m_ft1_seq_meanstd_chunk_mean,two_stage_exp1_hloss,pre_h_loss_proxy_simple_ft_focal_cosine_accuracy_filter1_grand_40_filter2_no_conf1,79.71,0.73,81.2,0.39,89.64,75.74
244,beats_iter3plus_as2m_ft1_seq_meanstd_chunk_mean,two_stage_exp2_proxy,pre_proxy_simple_ft_focal_cosine_accuracy_filter1_union_filter2_conf1,79.7,0.23,81.3,0.18,89.53,76.03
245,passt_kd_ap486_chunk_max,two_stage_exp2_proxy,pre_proxy_simple_ft_h_loss_proxy_simple_cosine_hf1_filter_30_filter1_grand_40_filter2_no_conf1,79.7,0.61,81.38,0.36,89.87,75.17
246,atst_weak_seq_maxstd_chunk_meanstd,two_stage_exp2_proxy,pre_proxy_simple_ft_ce_cosine_hf1_filter1_grand_40_filter2_conf1,79.69,0.59,81.3,0.47,89.95,75.37
247,atst_weak_seq_maxstd_chunk_meanstd,two_stage_exp1_hloss,pre_h_loss_proxy_simple_ft_focal_cosine_accuracy_filter1_grand_40_filter2_conf1,79.67,0.72,81.27,0.5,89.95,75.5
248,beats_iter3plus_as2m_ft1_seq_meanstd_chunk_mean,two_stage_exp1_hloss,pre_h_loss_proxy_simple_ft_focal_cosine_accuracy_filter1_intersection_filter2_no_conf1,79.67,0.57,80.76,0.38,89.54,75.88
249,atst_weak_seq_maxstd_chunk_meanstd,two_stage_exp2_proxy,pre_proxy_simple_ft_focal_cosine_hf1_filter1_el2n_40_filter2_conf1,79.63,0.43,81.31,0.33,89.88,75.18
250,beats_iter3plus_as2m_ft1_seq_meanstd_chunk_mean,two_stage_exp1_hloss,pre_h_loss_proxy_simple_ft_focal_cosine_hf1_filter1_union_filter2_no_conf1,79.63,0.38,81.21,0.35,89.65,75.78
251,passt_kd_ap486_chunk_max,two_stage_exp1_hloss,pre_h_loss_proxy_simple_ft_h_loss_proxy_simple_cosine_hf1_filter_30_filter1_grand_40_filter2_no_conf1,79.63,0.32,81.25,0.18,89.74,75.41
252,passt_kd_ap486_chunk_max,two_stage_exp2_proxy,pre_proxy_simple_ft_focal_cosine_accuracy_filter1_union_filter2_no_conf1,79.59,0.68,81.69,0.48,89.9,75.53
253,beats_iter3plus_as2m_seq_meanmaxstd_chunk_max,two_stage_exp2_proxy,pre_proxy_simple_ft_focal_cosine_accuracy_filter1_union_filter2_conf1,79.58,0.99,81.38,0.62,89.8,75.27
254,clap_music_as_chunk_mean,two_stage_exp1_hloss,pre_h_loss_proxy_simple_ft_focal_cosine_accuracy_filter1_intersection_filter2_conf1,79.57,0.67,81.67,0.57,89.93,75.34
255,clap_630k_chunk_meanmax,two_stage_exp2_proxy,pre_proxy_simple_ft_focal_cosine_accuracy_filter1_intersection_filter2_conf1,79.54,1.26,81.33,0.67,89.51,75.42
256,passt_kd_ap486_chunk_max,two_stage_exp2_proxy,pre_proxy_simple_ft_focal_cosine_accuracy_filter1_union_filter2_conf1,79.52,1.23,81.54,0.76,89.78,75.49
257,beats_iter3plus_as2m_ft1_seq_meanstd_chunk_mean,two_stage_exp1_hloss,pre_h_loss_proxy_simple_ft_focal_cosine_accuracy_filter1_el2n_40_filter2_conf1,79.51,1.05,81.09,0.63,89.69,75.63
258,passt_kd_ap486_chunk_max,two_stage_exp1_hloss,pre_h_loss_proxy_simple_ft_focal_cosine_accuracy_filter1_union_filter2_conf1,79.43,1.44,81.51,0.57,90.21,75.42
259,baseline,two_stage_exp2_proxy,pre_proxy_simple_ft_h_loss_proxy_simple_cosine_hf1_filter_30_filter1_grand_40_filter2_no_conf1,79.41,0.8,81.24,0.46,89.81,75.0
260,beats_iter3plus_as2m_ft1_seq_meanstd_chunk_mean,two_stage_exp2_proxy,pre_proxy_simple_ft_focal_cosine_accuracy_filter1_intersection_filter2_no_conf1,79.37,1.17,80.99,0.6,89.55,75.37
261,beats_iter3plus_as2m_ft1_seq_meanstd_chunk_mean,two_stage_exp1_hloss,pre_h_loss_proxy_simple_ft_focal_cosine_hf1_filter1_intersection_filter2_no_conf1,79.34,0.82,80.58,0.64,89.32,75.75
262,atst_weak_seq_maxstd_chunk_meanstd,two_stage_exp2_proxy,pre_proxy_simple_ft_h_loss_proxy_simple_cosine_hf1_filter_30_filter1_grand_40_filter2_no_conf1,79.31,0.64,81.11,0.44,89.64,74.73
263,atst_weak_seq_maxstd_chunk_meanstd,two_stage_exp2_proxy,pre_proxy_simple_ft_focal_cosine_accuracy_filter1_grand_40_filter2_no_conf1,79.27,0.87,81.02,0.63,89.72,74.97
264,beats_iter3plus_as2m_ft1_seq_meanstd_chunk_mean,two_stage_exp1_hloss,pre_h_loss_proxy_simple_ft_focal_cosine_accuracy_filter1_intersection_filter2_conf1,79.22,0.9,80.63,0.71,89.62,74.98
265,beats_iter3plus_as2m_ft1_seq_meanstd_chunk_mean,two_stage_exp1_hloss,pre_h_loss_proxy_simple_ft_ce_cosine_hf1_filter1_grand_40_filter2_conf1,79.18,0.62,80.53,0.56,89.39,75.22
266,beats_iter3plus_as2m_ft1_seq_meanstd_chunk_mean,two_stage_exp2_proxy,pre_proxy_simple_ft_ce_cosine_hf1_filter1_union_filter2_no_conf1,79.15,0.38,80.53,0.32,89.33,75.15
267,beats_iter3plus_as2m_ft1_seq_meanstd_chunk_mean,two_stage_exp1_hloss,pre_h_loss_proxy_simple_ft_h_loss_proxy_simple_cosine_hf1_filter_30_filter1_grand_40_filter2_no_conf1,79.14,0.6,80.67,0.47,89.28,74.83
268,atst_weak_seq_maxstd_chunk_meanstd,two_stage_exp1_hloss,pre_h_loss_proxy_simple_ft_focal_cosine_accuracy_filter1_union_filter2_conf1,78.99,1.61,80.95,0.78,89.58,74.67
269,atst_weak_seq_maxstd_chunk_meanstd,two_stage_exp2_proxy,pre_proxy_simple_ft_focal_cosine_accuracy_filter1_intersection_filter2_no_conf1,78.74,1.39,80.6,1.07,89.74,74.25
270,beats_iter3plus_as2m_ft1_seq_meanstd_chunk_mean,two_stage_exp1_hloss,pre_h_loss_proxy_simple_ft_focal_cosine_accuracy_filter1_grand_40_filter2_conf1,78.22,0.63,80.05,0.46,88.87,74.39
